id,header,the_note,data_and_time
1,Привет,дорогой,2020-03-01 16:31:45.286723
2,Hi,дорогой,2023-05-01 16:31:45.286723
3,Дом 3,Тестовое сообщение о проекте,2023-12-01 13:22:59.449382
4,Дом 3,Второе тестовое сообщение,2023-05-01 12:42:11.824417
5,Работа,Второе тестовое сообщение,2023-12-02 12:42:11.824417
6,Огород,Второе тестовое сообщение,2023-01-02 12:42:11.824417
7,Васька,Второе тестовое сообщение,2023-03-02 12:42:11.824417
8,Работа,Второе тестовое сообщение,2023-04-02 12:42:11.824417
9,Работа,Второе тестовое сообщение,2000-01-02 12:42:11.824417
10,Работа,Второе тестовое сообщение,2001-03-02 12:42:11.824417
11,Работа,Второе тестовое сообщение,2021-03-02 12:42:11.824417
12,Васька,Второе тестовое сообщение,2022-03-02 12:42:11.824417
13,Работа,Второе тестовое сообщение,2005-03-02 12:42:11.824417
14,Работа,Второе тестовое сообщение,2006-03-02 12:42:11.824417
15,Васька,Второе тестовое сообщение,2006-03-02 12:42:11.824417
16,Работа,Второе тестовое сообщение,2006-03-02 12:42:11.824417
17,Васька,Второе тестовое сообщение,2023-03-02 12:42:11.824417
18,абота,Второе тестовое сообщение,1999-03-02 12:42:11.824417
19,Работа,Второе тестовое сообщение,2023-03-02 12:42:11.824417
20,Огород,Второе тестовое сообщение,2007-03-02 12:42:11.824417
21,Васька,Второе тестовое сообщение,2023-03-02 12:42:11.824417
22,Работа,Второе тестовое сообщение,2021-03-02 12:42:11.824417
23,Работа,Второе тестовое сообщение,2021-03-02 12:42:11.824417
24,Огород,Второе тестовое сообщение,2023-03-02 12:42:11.824417
25,Работа,Второе тестовое сообщение,2022-03-02 12:42:11.824417
26,Hi,Второе тестовое сообщение,2023-03-02 12:42:11.824417
27,Работа,Второе тестовое сообщение,2023-03-02 12:42:11.824417
